{
  "3_3": {
    "1": {
      "bore_locations": [
        [
          0.0,
          0.0
        ],
        [
          5.0,
          0.0
        ],
        [
          10.0,
          0.0
        ],
        [
          10.0,
          5.0
        ],
        [
          0.0,
          10.0
        ],
        [
          0.0,
          5.0
        ]
      ],
      "g": {
        "5._192._0.08": [
          2.835161997281606,
          3.1867381215993795,
          3.5185012299806,
          4.018207786059317,
          4.611522668745683,
          5.568874333577036,
          6.836004531526947,
          7.978299130155127,
          9.570415520364628,
          10.520896803633871,
          11.18544985901755,
          12.097405831623279,
          12.716235837830903,
          14.07725035550396,
          15.213319321255456,
          15.522748827071853,
          15.80034181189145,
          16.07050627680383,
          16.280037127094857,
          16.459078496899767,
          16.613289570046533,
          16.742387429210957,
          16.83866562742485,
          16.948678542981284,
          17.023764953816947,
          17.060578709692493,
          17.120096580000425
        ],
        "5._24._0.075": [
          0.8740059532267962,
          1.1958031759615424,
          1.4813847491413075,
          1.8198213217004346,
          2.1114679242247276,
          2.4511928330626858,
          2.7884184800648018,
          3.0449218264187192,
          3.386364280881006,
          3.6126359926321863,
          3.79493625768915,
          4.0942333792300625,
          4.339565387102509,
          5.053252662684951,
          5.894012861764751,
          6.1692141208801,
          6.435226672929396,
          6.712013855754454,
          6.939696560132331,
          7.142722227418524,
          7.324454940554824,
          7.481516452586633,
          7.601263550955875,
          7.740691200095479,
          7.837447432025986,
          7.885451054843903,
          7.963799083051462
        ],
        "5._384._0.0875": [
          3.487676594523292,
          4.012185032955957,
          4.638991756254868,
          5.650757679606887,
          6.777540858363599,
          8.339511000564395,
          10.06403347788277,
          11.430320362694669,
          13.177079418495522,
          14.170574715111272,
          14.85199509982566,
          15.774897364964186,
          16.396068715012934,
          17.75531845133708,
          18.88778916602398,
          19.195974193826814,
          19.472773346818215,
          19.742264669315524,
          19.951442256252957,
          20.130167143011494,
          20.284192158815404,
          20.41320584056457,
          20.50941106115381,
          20.619385591773217,
          20.69441029551412,
          20.731168833205384,
          20.790554342739927
        ],
        "5._48._0.075": [
          1.5268463243731434,
          1.8679037053125458,
          2.1622431316564765,
          2.5060808685786506,
          2.800133543028167,
          3.143112869251154,
          3.5097194414253443,
          3.8524859183350393,
          4.4415995372614185,
          4.887846226044234,
          5.253753432356401,
          5.838743693471681,
          6.29209176602508,
          7.449697318082022,
          8.558482540732482,
          8.878533630401094,
          9.171342722519933,
          9.46119737649092,
          9.689161582709286,
          9.885614939036083,
          10.056085649132992,
          10.19957044968913,
          10.306910365238013,
          10.429725598821319,
          10.513752096461245,
          10.555055713326075,
          10.621974307027209
        ],
        "5._96._0.075": [
          2.209261920932471,
          2.555305549792771,
          2.8518815203815793,
          3.199904830892763,
          3.5215343812829234,
          3.9952719923023134,
          4.66186444813755,
          5.351993135595755,
          6.488295510404913,
          7.259472987067756,
          7.834204841495573,
          8.66345327529774,
          9.24755331352351,
          10.57717049982773,
          11.716213988672793,
          12.029679779226603,
          12.311388397526304,
          12.586192359395307,
          12.799629631929328,
          12.982255958122945,
          13.139662793793335,
          13.271490872531489,
          13.369871810100756,
          13.482278880094826,
          13.55907450090211,
          13.596771446779838,
          13.657804648035198
        ]
      },
      "logtime": [
        -8.5,
        -7.8,
        -7.2,
        -6.5,
        -5.9,
        -5.2,
        -4.5,
        -3.963,
        -3.27,
        -2.864,
        -2.577,
        -2.171,
        -1.884,
        -1.191,
        -0.497,
        -0.274,
        -0.051,
        0.196,
        0.419,
        0.642,
        0.873,
        1.112,
        1.335,
        1.679,
        2.028,
        2.275,
        3.003
      ]
    }
  },
  "3_4": {
    "2": {
      "bore_locations": [
        [
          0.0,
          0.0
        ],
        [
          5.0,
          0.0
        ],
        [
          10.0,
          0.0
        ],
        [
          10.0,
          5.0
        ],
        [
          0.0,
          15.0
        ],
        [
          0.0,
          5.0
        ],
        [
          0.0,
          10.0
        ]
      ],
      "g": {
        "5._192._0.08": [
          2.8351635568339573,
          3.1868598735748215,
          3.5194290681832854,
          4.021215776573264,
          4.616239622033629,
          5.580527594948293,
          6.886757925331612,
          8.102402891324095,
          9.848969549339516,
          10.914023333414947,
          11.665845238209974,
          12.70405152754737,
          13.411636254581845,
          14.971285177128056,
          16.273870495274725,
          16.628617526580097,
          16.94656632737682,
          17.255789079639893,
          17.4953605991317,
          17.700017921596878,
          17.8761581852407,
          18.02350888512317,
          18.13338184361064,
          18.258872539998166,
          18.34452835340044,
          18.38653511656617,
          18.454486098620468
        ],
        "5._24._0.075": [
          0.8740059532267965,
          1.1958031759615424,
          1.481384749141307,
          1.8198213217004346,
          2.111467924224727,
          2.4511928330881467,
          2.7884188390440294,
          3.0449438060522946,
          3.3868265705450313,
          3.6139171948981765,
          3.797008023792123,
          4.097421273811351,
          4.343420562160816,
          5.06067735236564,
          5.921512662885295,
          6.2096823959292475,
          6.491585746037957,
          6.788627405753115,
          7.035854456882252,
          7.2585781577537105,
          7.459736933149296,
          7.634937673400807,
          7.7693448917186,
          7.9266638395361575,
          8.036358297073287,
          8.090960297672977,
          8.180339759630305
        ],
        "5._384._0.0875": [
          3.488823180241217,
          4.015491627743904,
          4.644049804566187,
          5.664887785374351,
          6.828078586331115,
          8.495972601782967,
          10.40061790092734,
          11.942248115479982,
          13.937715725979558,
          15.079771443806013,
          15.864687169096046,
          16.928355427067483,
          17.64445063363839,
          19.2094088997771,
          20.510983319015434,
          20.8648924298736,
          21.18250382474677,
          21.491528964823722,
          21.731188221946866,
          21.935920431091155,
          22.11226212755728,
          22.25989607984245,
          22.36997954530051,
          22.495787152267788,
          22.58162318422042,
          22.62368864843897,
          22.691678975213264
        ],