{
  "1_1": {
    "bore_locations": [
      [
        0.0,
        0.0
      ]
    ],
    "g": {
      "5._192._0.08": [
        2.8351073750512206,
        3.1823384107431814,
        3.4793637721846546,
        3.824573927006054,
        4.118647691662306,
        4.458400737085891,
        4.792718667957521,
        5.043858479635356,
        5.358092050434088,
        5.5355352342420865,
        5.657280511508424,
        5.823127767908944,
        5.935296673791435,
        6.184188566144762,
        6.394899237912037,
        6.452659649124039,
        6.504837967338363,
        6.555882962526782,
        6.595740529929901,
        6.629855890066947,
        6.659374458008115,
        6.6841912736839175,
        6.702715960784362,
        6.723940913730224,
        6.738419656523404,
        6.745505802594398,
        6.756923301483297
      ],
      "5._24._0.075": [
        0.8740013793970964,
        1.1957934696806853,
        1.4813667488882374,
        1.819785366250676,
        2.1114044341807157,
        2.4510705243173234,
        2.788172449969529,
        3.043766216479798,
        3.367648957124977,
        3.5529468669966184,
        3.6812317987017793,
        3.8577729942466825,
        3.9783087636126115,
        4.249839434546521,
        4.484896812486125,
        4.550531113648316,
        4.610498478973528,
        4.669925364880608,
        4.7169884176525265,
        4.757794463311071,
        4.79358938564191,
        4.824095583714668,
        4.847141281098875,
        4.873886212327691,
        4.892373493826127,
        4.901508590660965,
        4.916370972434553
      ],
      "5._384._0.0875": [
        3.4377130144496473,
        3.7851129770524614,
        4.081944782750689,
        4.426491052002913,
        4.719576776545431,
        5.05759766005992,
        5.389547166170523,
        5.638545684094339,
        5.949746729555762,
        6.125412791692034,
        6.245932309635744,
        6.410082282013473,
        6.521104827150453,
        6.767431758419025,
        6.975877700758803,
        7.032964876011526,
        7.084510058414974,
        7.134900046460179,
        7.174216611280294,
        7.20784291192623,
        7.236916314764957,
        7.261340556065468,
        7.279558973754362,
        7.300418050625726,
        7.314635170344563,
        7.321589087814549,
        7.332789695599486
      ],
      "5._48._0.075": [
        1.5268359332879171,
        1.8678839385147372,
        2.1622087383456443,
        2.5060151061486278,
        2.800008762930101,
        3.141052950242086,
        3.478569670482136,
        3.733728785210966,
        4.055393091733762,
        4.238198333802362,
        4.3640995014474875,
        4.536313895807349,
        4.653173343629686,
        4.913843730424326,
        5.136271399232289,
        5.197697126476675,
        5.253436138896508,
        5.308256451702502,
        5.35131183428999,
        5.388362735652557,
        5.420602444996999,
        5.447858465927416,
        5.468304707059304,
        5.491852956053471,
        5.508005424847672,
        5.515942866950888,
        5.528784897513571
      ],
      "5._96._0.075": [
        2.209261920932467,
        2.5553055320732176,
        2.8518559449593543,
        3.1970040944822196,
        3.4915091924922974,
        3.832473850523141,
        4.168884219552001,
        4.422257845646842,
        4.74019836732957,
        4.920109053653755,
        5.043677712332421,
        5.212203964230534,
        5.32627049369432,
        5.579703803141708,
        5.794707343360083,
        5.853779385225841,
        5.907214127091892,
        5.959576040253434,
        6.0005363693633,
        6.035655289979041,
        6.066095737331607,
        6.091732022192163,
        6.110898235869238,
        6.13289344537047,
        6.147924068180829,
        6.1552900049824855,
        6.167174340112673
      ]
    },
    "logtime": [
      -8.5,
      -7.8,
      -7.2,
      -6.5,
      -5.9,
      -5.2,
      -4.5,
      -3.963,
      -3.27,
      -2.864,
      -2.577,
      -2.171,
      -1.884,
      -1.191,
      -0.497,
      -0.274,
      -0.051,
      0.196,
      0.419,
      0.642,
      0.873,
      1.112,
      1.335,
      1.679,
      2.028,
      2.275,
      3.003
    ]
  },
  "1_2": {
    "bore_locations": [
      [
        0.0,
        0.0
      ],
      [
        5.0,
        0.0
      ]
    ],
    "g": {
      "5._192._0.08": [
        2.835140144617679,
        3.1849643917020174,
        3.502165426925441,
        3.9301922546307075,
        4.362516256614647,
        4.930474121911802,
        5.538533506350954,
        6.014628289895621,
        6.622810334317273,
        6.969487915354439,
        7.207956408149328,
        7.5328400096669235,
        7.75247268244368,
        8.238002774495671,
        8.64704570804324,
        8.758946823716846,
        8.859835704138877,
        8.958391369204966,
        9.035204266339816,
        9.100920292313864,
        9.157710284461414,
        9.20539775508919,
        9.240984185845074,
        9.281724082545848,
        9.309518333012262,
        9.323128053749246,
        9.345076672378271
      ],
      "5._24._0.075": [
        0.8740013793970967,
        1.1957934696806858,
        1.4813667488882372,
        1.8197853662506762,
        2.1114044341807157,
        2.451070524851898,
        2.7881799871003565,
        3.044230462293286,
        3.3782486192021772,
        3.5866413599987026,
        3.74411106062757,
        3.9824685850393973,
        4.160322393737606,
        4.602146633625265,
        5.020983171670913,
        5.142411578682097,
        5.254586545541572,
        5.366786238317462,
        5.456237065826286,
        5.534186703990583,
        5.602785747046791,
        5.6613702351166975,
        5.70569649489467,
        5.757148217666041,
        5.792742473532685,
        5.810347556509697,
        5.839015563099657
      ],
      "5._384._0.0875": [
        3.466682955321226,
        3.9075976085194033,
        4.352889851862578,
        4.936605526584581,
        5.471776533129856,
        6.114911758424402,
        6.760965495692346,
        7.250135480426092,
        7.863263609642247,
        8.209452006454356,
        8.446764914353068,
        8.769298847382146,
        8.987050619959732,
        9.468043860391814,
        9.873074716597168,
        9.983788485375486,
        10.083594630400668,
        10.181047397631279,
        10.256969131093063,
        10.321883348146676,
        10.377954447427506,
        10.425017066023733,
        10.460117564935974,
        10.500283849242233,
        10.527666961819111,
        10.541067428758854,
        10.562670309595733
      ],
      "5._48._0.075": [
        1.5268359332879171,
        1.8678839385147372,
        2.162208738345644,
        2.506015108690003,
        2.800015488967817,
        3.142155865119192,
        3.4965449323272013,
        3.799865787506381,
        4.2507898166056,
        4.541446697892453,
        4.753927656129075,
        5.057673450312983,
        5.270631610442865,
        5.758786283451121,
        6.183706938120382,
        6.301893218645891,
        6.4091683251290315,
        6.514727559207145,
        6.597585833820916,
        6.668904620538769,
        6.7309060054309935,
        6.783262307486161,
        6.822521074175333,
        6.867673225089816,
        6.898636895106161,
        6.913858452525283,
        6.93850302308843
      ],