{
  "5_5": {
    "1_1": {
      "bore_locations": [
        [
          0.0,
          0.0
        ],
        [
          0.0,
          20.0
        ],
        [
          5.0,
          0.0
        ],
        [
          5.0,
          20.0
        ],
        [
          10.0,
          0.0
        ],
        [
          10.0,
          20.0
        ],
        [
          15.0,
          0.0
        ],
        [
          15.0,
          20.0
        ],
        [
          20.0,
          0.0
        ],
        [
          20.0,
          20.0
        ],
        [
          0.0,
          5.0
        ],
        [
          20.0,
          5.0
        ],
        [
          0.0,
          10.0
        ],
        [
          20.0,
          10.0
        ],
        [
          0.0,
          15.0
        ],
        [
          20.0,
          15.0
        ],
        [
          10.0,
          10.0
        ]
      ],
      "g": {
        "5._192._0.08": [
          2.8351690633539097,
          3.187297729317165,
          3.5231036913448337,
          4.03829515196311,
          4.668769284467644,
          5.777440926784886,
          7.516980560016233,
          9.408208653929846,
          12.541448581917443,
          14.646742465310703,
          16.198463432247014,
          18.401364382030078,
          19.931126947261973,
          23.3189624425537,
          26.133972642596465,
          26.897088922535158,
          27.575829825847972,
          28.232069929758374,
          28.736322872950243,
          29.166145539318638,
          29.533983455420717,
          29.840138163659294,
          30.06819405504583,
          30.32795615627281,
          30.50537347615724,
          30.592546488854328,
          30.734152414556835
        ],
        "5._24._0.075": [
          0.8740059532267965,
          1.1958031759615428,
          1.481384749141308,
          1.8198213217004362,
          2.1114679242247285,
          2.4511928331780077,
          2.7884201061707126,
          3.0450217246869804,
          3.388565179481605,
          3.6192868993770895,
          3.8069539331658686,
          4.118538407429997,
          4.378744130427089,
          5.183253508727977,
          6.284020672155531,
          6.695014469215383,
          7.122157330148088,
          7.599498561101806,
          8.01923069211515,
          8.414766798479853,
          8.786413185216366,
          9.120942300420413,
          9.384027154875726,
          9.697662373564988,
          9.919793749932527,
          10.031619073169086,
          10.21632971726765
        ],
        "5._384._0.0875": [
          3.4934572709321556,
          4.035691721022439,
          4.706624305572615,
          5.8985057336757425,
          7.459178539186731,
          10.104211957553916,
          13.633796669906554,
          16.787891397377003,
          21.111139215244012,
          23.65703513151427,
          25.421283303472304,
          27.81192564136665,
          29.419825079624587,
          32.895639191448346,
          35.74827181162997,
          36.518970300658175,
          37.20697324196509,
          37.87338036975562,
          38.38719415998495,
          38.825625902051655,
          39.20189768001081,
          39.515924303129665,
          39.75002320078204,
          40.017209438135325,
          40.19967417152731,
          40.28923726732824,
          40.43446284012706
        ],
        "5._48._0.075": [
          1.5268463243731418,
          1.8679037053125453,
          2.1622431316564774,
          2.506080869126845,
          2.800134993885049,
          3.143349426668005,
          3.513384089652635,
          3.865111868446782,
          4.483801482406906,
          4.974525454681382,
          5.399366104195478,
          6.135266526023098,
          6.762751058745606,
          8.628872573609703,
          10.78479744712892,
          11.471690880303774,
          12.119406999486857,
          12.777009627174387,
          13.302587787154682,
          13.760422830412521,
          14.15928564800977,
          14.494942818422327,
          14.745850943130364,
          15.031122437439242,
          15.226028694352411,
          15.322068749754699,
          15.478367110702123
        ],
        "5._96._0.075": [
          2.2092718103274023,
          2.5553235637176743,
          2.851915435389374,
          3.200333692339888,
          3.5252272673310836,
          4.012534865719168,
          4.720170488536042,
          5.5076987699385676,
          7.005583313020637,
          8.201820604148494,
          9.196497756966165,
          10.782952382200207,
          11.99995619143155,
          15.010254291210055,
          17.75981255164101,
          18.532566088636568,
          19.22529556804791,
          19.899642099253548,
          20.41971051192545,
          20.863231028104984,
          21.24256674314214,
          21.55775696138165,
          21.79212690758522,
          22.058095593622557,
          22.239531227056123,
          22.328716918121458,
          22.47371715520643
        ]
      },
      "logtime": [
        -8.5,
        -7.8,
        -7.2,
        -6.5,
        -5.9,
        -5.2,
        -4.5,
        -3.963,
        -3.27,
        -2.864,
        -2.577,
        -2.171,
        -1.884,
        -1.191,
        -0.497,
        -0.274,
        -0.051,
        0.196,
        0.419,
        0.642,
        0.873,
        1.112,
        1.335,
        1.679,
        2.028,
        2.275,
        3.003
      ]
    }
  }
}